ID,Title,Severity,Area,Platform,File,Steps,Expected,Actual,Reproducible,Suggested fix
BUG-001,Mark cash received has no status guard and is not idempotent; revives cancelled orders to PAID,Critical,Admin cash received,API/Admin,travel-backend/src/controllers/admin/orderController.ts:486,"POST cash-received twice; and on a cancelled order",Second call rejected; cancelled order refuses cash,"Reproduced: cash on CANCELLED revived to CONFIRMED/PAID; 2nd call returned 200 and re-notified. quantitySold not double-incremented for single listing order (held>=qty guard); rate-plan cross-hold path not reproduced",Always,Guard on SUBMITTED+UNPAID; single conditional update; disable button
BUG-002,Guest checkout overwrites an existing account holders name and attaches the order,Critical,POST /api/v1/orders,API/Web/Mobile,travel-backend/src/controllers/public/orderController.ts:345,"Guest order with contact.phone = a real customers phone; log in as them",Guest cannot modify a registered account,"Reproduced: guest order with the accounts phone changed name Anas->qa_test_OVERWRITE and attached the order to /me/orders",Always,Only $setOnInsert identity; match signed-in by session only
BUG-003,Payment notify webhook unsigned and settlement verifies no amount/currency,Critical,Payment webhook/settlement,API,travel-backend/src/controllers/public/paymentController.ts:158,"Pay a cheap order; POST notify with expensive reference + cheap PmtID",Signature verified and amount/currency compared before PAID,"No signature; no amount check; call-status read as payment-status",Code-confirmed,Verify signature; re-fetch and compare amount+currency+reference
BUG-004,Live MongoDB credentials committed to backend repo,Critical,Secrets,API,travel-backend/src/dev-data/data/import-dev-data.ts:7,"git log -p the file",No credentials in source,"Full mongodb+srv URI with user/pass in git history",Code-confirmed,Rotate now; move to env; purge history
BUG-005,Android release keystore and passwords committed to mobile repo,Critical,Secrets,Mobile,travel-application/android/keystore.properties,"Inspect repo / .gitignore",Signing material never committed,"keystore.properties and FlexiAgency.keystore tracked",Code-confirmed,Rotate key; remove from history; gitignore
BUG-006,Every error response leaks a full stack trace and absolute paths (and Mongo cluster internals),Critical,Global error handler,API,travel-backend/src/controllers/errorController/errorController.ts:24,"curl /auth/me with a bad Bearer; curl admin /customers?q=[",Prod body with no stack,"Bodies include stack with server paths; admin regex leaks Mongo $clusterTime/signature",Always,Set NODE_ENV=production; strip stack/raw driver errors
BUG-007,Admin search ?q= is an unescaped $regex: 500 ReDoS and Mongo internals leaked,High,Admin customers/locations search,API/Admin,travel-backend/src/controllers/admin/customerController.ts:25,"curl admin /customers?q=[ ; /locations?q=(",q escaped or 400,"500 Location51091 with cluster signature; ReDoS with (a+)+",Always,Escape before new RegExp; cap length
BUG-008,Orders accept reversed past and invalid dates (no server-side date validation),High,POST /api/v1/orders pricing,API/Web/Mobile,travel-backend/src/services/orders/pricing.service.ts:54,"POST order with endDate<startDate or 2020 dates or not-a-date",400 at validation,"Dates pass validation+pricing; fail only at stock hold (line 305)",Always,Validate start>=today end>start max length and real dates
BUG-009,Idempotency-Key is client-chosen and global not scoped to the caller,High,POST /api/v1/orders,API,travel-backend/src/controllers/public/orderController.ts:122,"Create order with key K; replay K from another caller",Replay returns original to original caller only,"Reproduced: signed-in customer replaying a guests key K got the guests order back (same reference)",Always,Namespace key by customer/session or body hash
BUG-010,Admin create/update spreads req.body (mass assignment),High,Admin inventory,API/Admin,travel-backend/src/controllers/admin/listingController.ts:189,"POST /admin/v1/listings with status quantitySold vertical slug rating",Only whitelisted fields accepted,"...req.body lets a writer force PUBLISHED change counters vertical slug; reproduced: quantitySold forged to 777 and vertical flipped to HOTEL",Always,Explicit allowed fields; keep status/counters/slug server-side
BUG-011,Open redirect after login via unchecked ?next,High,/login,Web,travel-frontend/pages/login.tsx:145,"Visit /login?next=https://example.com then sign in",Only same-origin relative paths,"next pushed unchecked; off-site redirect after auth",Code-confirmed,Accept next only if starts with single / and not //
BUG-012,Passport/ID numbers entered at checkout are silently dropped,High,Booking travellers,Web,travel-frontend/pages/booking/travellers.tsx:127,"Book a flight entering a passport number; inspect order",Document number stored encrypted,"Field name documentNumberMasked vs server documentNumber; strict mode drops it",Code-confirmed,Send documentNumber/documentType; server-require for flights
BUG-013,Settings accept negative/zero values with no bounds,High,PATCH /admin/v1/settings,API/Admin,travel-backend/src/controllers/admin/opsController.ts:554,"Step-up then PATCH settings holdTtlCashHours:-5 or passportRetentionDays:-1; or clear a field in UI",Range validated,"Persists negatives/zeros; passportRetentionDays<=0 purges all passport data; empty UI saves 0",Always,Add min/max in schema+controller; empty UI = unchanged
BUG-014,Order contact/traveller fields not validated server-side,High,POST /api/v1/orders,API,travel-backend/src/controllers/public/orderController.ts:330,"POST order with bad email 5000-char name future DOB object/array traveller names",400,"Passes validation+pricing (reaches stock check); would store junk; enc:v1 bypass",Always,Validate email lengths DOB and that names are strings
BUG-015,Enquiry endpoint accepts invalid email and unbounded name,Medium,POST /api/v1/enquiries,API/Web,travel-backend/src/controllers/public/enquiryController.ts:36,"POST enquiry with 10k name and not-an-email",400,"201 created with 10k name and bogus email",Always,Validate email; cap name/label length
BUG-016,Customer logout does not revoke the bearer token,Medium,POST /api/v1/auth/logout,API/Web/Mobile,travel-backend/src/controllers/public/customerAuthController.ts:485,"Capture token; logout; reuse token on /auth/me",Logout invalidates session,"Only cookie cleared; bearer valid up to 7 days renewable to 90",Code-confirmed,Track tokensValidFrom and bump on logout
BUG-017,Customer phone not unique duplicate accounts,Medium,Customer model,API,travel-backend/src/model/customerModel.admin.ts:50,"Concurrent sign-ups/guest upserts for one phone",One account per phone,"Duplicate rows; login picks arbitrary one",Code-confirmed,Unique index on phone
BUG-018,notifications/test sends SMS to any number returns raw Twilio error,Medium,Admin notifications,API/Admin,travel-backend/src/controllers/admin/opsController.ts:716,"POST /admin/v1/notifications/test to any number",Restricted validated target,"Any notifications:write holder SMS arbitrary text to any number; no double-submit guard",Code-confirmed,Restrict to verified numbers; validate E.164; rate limit
BUG-019,OTP lockout resets on resend; attempt count check-then-increment,Medium,POST /api/v1/auth/otp/*,API,travel-backend/src/controllers/public/customerAuthController.ts:76,"Exhaust attempts; resend; attempts reset to 0",Attempt cap per phone across resends,"Resend zeroes attempts; parallel guesses exceed 5",Code-confirmed,Per-phone atomic counter; dont reset on resend
BUG-020,Placeholder phone numbers and a fictional agent are live on customer pages,Medium,Property listing/lead form/contact,Web,travel-frontend/pages/property/listing/[slug].tsx:209,"Open /property/listing/terrain-de-2-019-m-ville-basse-matadi-5",Real contact or none,"Fictional agent Joseph Mukendi and +243 81 000 00 00 shown to customers",Always,Pull from settings; hide when no real contact
BUG-021,Horizontal overflow at 360px on 7 pages,Medium,contact/login/account pages,Web,travel-frontend/components/account/AccountLayout.tsx,"Load each at 360x740",No horizontal scroll on mobile,"scrollWidth>clientWidth on contact login and 5 account pages",Always,Constrain fixed-width children; audit paddings at 360px
BUG-022,Property (enquiry-only) bookable through flight/bus/car/activity routes,Medium,/flights/offer/[slug] etc,Web,travel-frontend/pages/flights/offer/[slug].tsx:31,"Open /flights/offer/<property-slug>",Wrong-vertical slug 404,"Property renders on flight template; duplicate SEO (pricing rejects PROPERTY server-side)",Code-confirmed,Verify listing.vertical matches route else 404
BUG-023,Restaurant and social-preview images broken (mediaUrl bypass/doubled origin),Medium,Restaurant cards/detail OG,Web,travel-frontend/pages/restaurants/[slug].tsx:73,"Load restaurant pages; inspect img src and og:image",Images resolve via storage origin,"Raw /uploads from frontend host 404; OG becomes https://domainhttps://...",Code-confirmed,Route via mediaUrl; dont prefix absolute URLs
BUG-024,Seed catalogue has zero bookable inventory; checkout cannot complete,Medium,Catalogue/orders,API,travel-backend/src/scripts/seedCatalogue.ts,"GET admin /listings?limit=100; POST any order",Some bookable stock,"All listings sold out/held; every order 409 That just sold out",Always,Reseed with stock or expose QA reset; check hold leaks
BUG-025,Admin state-changing actions lack confirms/double-submit guards; step-up double-Enter fires twice,Medium,Admin actions/step-up,Admin,admin/components/StepUp/useStepUp.tsx:83,"Double-Enter in password dialog; double-click publish/transition",Single submission with confirms,"Double Enter runs action twice; many buttons no busy/confirm",Code-confirmed,Disable confirm while busy; add confirms; send version
BUG-026,Mobile expired session still shows signed-in; prev users data cached after sign-out,Medium,Mobile session/cache,Mobile,travel-application/lib/session.tsx:91,"Let session expire or sign out then sign in as another user within 60s",UI signs out; cache cleared,"customer never reset; react-query cache not cleared; second user sees first users orders",Code-confirmed,Reset customer on SESSION_INVALID; queryClient.clear on sign-out
BUG-027,html lang always fr regardless of selected language,Low,Document/i18n,Web,travel-frontend/pages/_document.tsx:8,"Load /about; read html lang",lang reflects locale,"html lang=fr always; only updated on manual switch",Always,Set lang from resolved locale on load
BUG-028,Account lists show empty during loading and on API error,Low,/account /account/bookings,Web,travel-frontend/pages/account/index.tsx:16,"Open account while loading or with API down",Distinct loading/error states,"isPending/isError ignored; shows empty",Code-confirmed,Render loading and error states
BUG-029,Leftover pages/api/hello boilerplate in web and admin,Low,API routes,Web/Admin,travel-frontend/pages/api/hello.ts,"GET /api/hello",Route absent,"Returns {name:John Doe}",Code-confirmed,Delete
BUG-030,JWT errors map to HTTP 404 in the global error handler,Low,Error handler,API,travel-backend/src/controllers/errorController/errorController.ts:21,"Force a JWT error reaching the handler",401,"handleJWTError returns 404 (auth middleware returns 401 first)",Code-confirmed,Map JsonWebTokenError to 401
